lr-AdamW,created_at,train/loss_simple_step,train/loss_vlb_step,train/loss_step,global_step,epoch,val/loss_simple,val/loss_vlb,val/loss,val/loss_simple_ema,val/loss_vlb_ema,val/loss_ema,train/loss_simple_epoch,train/loss_vlb_epoch,train/loss_epoch
0.0004,2022-12-07 20:18:12.310190,,,,,,,,,,,,,,
,2022-12-07 20:18:13.300807,0.04183170944452286,0.00016448281530756503,0.04183170944452286,49.0,0.0,,,,,,,,,
0.0004,2022-12-07 20:19:01.520905,,,,,,,,,,,,,,
,2022-12-07 20:19:02.509581,0.383292019367218,0.023950817063450813,0.383292019367218,99.0,0.0,,,,,,,,,
0.0004,2022-12-07 20:19:51.107153,,,,,,,,,,,,,,
,2022-12-07 20:19:52.098192,0.458116739988327,0.0034249350428581238,0.458116739988327,149.0,0.0,,,,,,,,,
0.0004,2022-12-07 20:20:40.478023,,,,,,,,,,,,,,
,2022-12-07 20:20:41.465595,0.14414338767528534,0.0009852662915363908,0.14414338767528534,199.0,0.0,,,,,,,,,
0.0004,2022-12-07 20:21:29.882998,,,,,,,,,,,,,,
,2022-12-07 20:21:30.864572,0.07158990949392319,0.00025372905656695366,0.07158990949392319,249.0,0.0,,,,,,,,,
0.0004,2022-12-07 20:22:19.279109,,,,,,,,,,,,,,
,2022-12-07 20:22:20.263477,0.22403520345687866,0.0013838681625202298,0.22403520345687866,299.0,0.0,,,,,,,,,
0.0004,2022-12-07 20:23:08.703782,,,,,,,,,,,,,,
,2022-12-07 20:23:09.688429,0.22496739029884338,0.0013749361969530582,0.22496739029884338,349.0,0.0,,,,,,,,,
0.0004,2022-12-07 20:23:58.055795,,,,,,,,,,,,,,
,2022-12-07 20:23:59.035607,0.26375457644462585,0.0019994366448372602,0.26375457644462585,399.0,0.0,,,,,,,,,
0.0004,2022-12-07 20:24:47.501611,,,,,,,,,,,,,,
,2022-12-07 20:24:48.488730,0.12421361356973648,0.0004420583136379719,0.12421361356973648,449.0,0.0,,,,,,,,,
0.0004,2022-12-07 20:25:37.053003,,,,,,,,,,,,,,
,2022-12-07 20:25:38.733467,0.09324150532484055,0.0003530310350470245,0.09324150532484055,499.0,0.0,,,,,,,,,
0.0004,2022-12-07 20:28:54.625773,,,,,,,,,,,,,,
,2022-12-07 20:28:55.610078,0.07213764637708664,0.0002879133098758757,0.07213764637708664,549.0,0.0,,,,,,,,,
0.0004,2022-12-07 20:29:44.098841,,,,,,,,,,,,,,
,2022-12-07 20:29:45.087220,0.033476442098617554,0.00013677295646630228,0.033476442098617554,599.0,0.0,,,,,,,,,
0.0004,2022-12-07 20:30:33.624214,,,,,,,,,,,,,,
,2022-12-07 20:30:34.613751,0.0914793610572815,0.00031702674459666014,0.0914793610572815,649.0,0.0,,,,,,,,,
0.0004,2022-12-07 20:31:23.053056,,,,,,,,,,,,,,
,2022-12-07 20:31:24.036848,0.08318226784467697,0.00028569705318659544,0.08318226784467697,699.0,0.0,,,,,,,,,
0.0004,2022-12-07 20:32:12.462517,,,,,,,,,,,,,,
,2022-12-07 20:32:13.451454,0.17968054115772247,0.0006082553882151842,0.17968054115772247,749.0,0.0,,,,,,,,,
0.0004,2022-12-07 20:33:01.854566,,,,,,,,,,,,,,
,2022-12-07 20:33:02.841165,0.2152862548828125,0.0008909761090762913,0.2152862548828125,799.0,0.0,,,,,,,,,
0.0004,2022-12-07 20:33:51.311627,,,,,,,,,,,,,,
,2022-12-07 20:33:52.302467,0.28974127769470215,0.0016135137993842363,0.28974127769470215,849.0,0.0,,,,,,,,,
0.0004,2022-12-07 20:34:40.799143,,,,,,,,,,,,,,
,2022-12-07 20:34:41.786908,0.17553585767745972,0.0007623923011124134,0.17553585767745972,899.0,0.0,,,,,,,,,
0.0004,2022-12-07 20:35:30.329671,,,,,,,,,,,,,,
,2022-12-07 20:35:31.318805,0.29274022579193115,0.010897728614509106,0.29274022579193115,949.0,0.0,,,,,,,,,
0.0004,2022-12-07 20:36:19.842977,,,,,,,,,,,,,,
,2022-12-07 20:36:21.524061,0.35060280561447144,0.06108264625072479,0.35060280561447144,999.0,0.0,,,,,,,,,
0.0004,2022-12-07 20:39:32.928987,,,,,,,,,,,,,,
,2022-12-07 20:39:33.915074,0.19745631515979767,0.0006992702838033438,0.19745631515979767,1049.0,0.0,,,,,,,,,
0.0004,2022-12-07 20:40:22.364453,,,,,,,,,,,,,,
,2022-12-07 20:40:23.345535,0.09244386851787567,0.00032488381839357316,0.09244386851787567,1099.0,0.0,,,,,,,,,
0.0004,2022-12-07 20:41:11.820801,,,,,,,,,,,,,,
,2022-12-07 20:41:12.803925,0.3157099187374115,0.0018718735082075,0.3157099187374115,1149.0,0.0,,,,,,,,,
0.0004,2022-12-07 20:42:01.333540,,,,,,,,,,,,,,
,2022-12-07 20:42:02.320521,0.32470983266830444,0.003789679380133748,0.32470983266830444,1199.0,0.0,,,,,,,,,
0.0004,2022-12-07 20:42:50.844304,,,,,,,,,,,,,,
,2022-12-07 20:42:51.827372,0.12399885058403015,0.0004976966883987188,0.12399885058403015,1249.0,0.0,,,,,,,,,
0.0004,2022-12-07 20:43:40.314623,,,,,,,,,,,,,,
,2022-12-07 20:43:41.301342,0.19880051910877228,0.000850433949381113,0.19880051910877228,1299.0,0.0,,,,,,,,,
0.0004,2022-12-07 20:44:29.730528,,,,,,,,,,,,,,
,2022-12-07 20:44:30.715584,0.25016161799430847,0.003935768269002438,0.25016161799430847,1349.0,0.0,,,,,,,,,
0.0004,2022-12-07 20:45:19.162090,,,,,,,,,,,,,,
,2022-12-07 20:45:20.146791,0.26402711868286133,0.0012780579272657633,0.26402711868286133,1399.0,0.0,,,,,,,,,
0.0004,2022-12-07 20:46:08.625135,,,,,,,,,,,,,,
,2022-12-07 20:46:09.613183,0.2862401306629181,0.0015518349828198552,0.2862401306629181,1449.0,0.0,,,,,,,,,
0.0004,2022-12-07 20:46:58.166254,,,,,,,,,,,,,,
,2022-12-07 20:46:59.845399,0.2310468554496765,0.0025054793804883957,0.2310468554496765,1499.0,0.0,,,,,,,,,
0.0004,2022-12-07 20:50:11.163582,,,,,,,,,,,,,,
,2022-12-07 20:50:12.143900,0.18852365016937256,0.0010553591419011354,0.18852365016937256,1549.0,0.0,,,,,,,,,
0.0004,2022-12-07 20:51:00.575700,,,,,,,,,,,,,,
,2022-12-07 20:51:01.566395,0.18945595622062683,0.0008736547897569835,0.18945595622062683,1599.0,0.0,,,,,,,,,
0.0004,2022-12-07 20:51:50.126397,,,,,,,,,,,,,,
,2022-12-07 20:51:51.110324,0.03816719353199005,0.00014293327694758773,0.03816719353199005,1649.0,0.0,,,,,,,,,
0.0004,2022-12-07 20:52:39.658403,,,,,,,,,,,,,,
,2022-12-07 20:52:40.643256,0.10162058472633362,0.0003778328245971352,0.10162058472633362,1699.0,0.0,,,,,,,,,
0.0004,2022-12-07 20:53:29.153947,,,,,,,,,,,,,,
,2022-12-07 20:53:30.140844,0.1572464555501938,0.000995814916677773,0.1572464555501938,1749.0,0.0,,,,,,,,,
0.0004,2022-12-07 20:54:18.578238,,,,,,,,,,,,,,
,2022-12-07 20:54:19.561442,0.29644790291786194,0.00702260434627533,0.29644790291786194,1799.0,0.0,,,,,,,,,
0.0004,2022-12-07 20:55:07.985075,,,,,,,,,,,,,,
,2022-12-07 20:55:08.969583,0.34173184633255005,0.0023541906848549843,0.34173184633255005,1849.0,0.0,,,,,,,,,
0.0004,2022-12-07 20:55:57.341678,,,,,,,,,,,,,,
,2022-12-07 20:55:58.330999,0.3142625689506531,0.00332891708239913,0.3142625689506531,1899.0,0.0,,,,,,,,,
0.0004,2022-12-07 20:56:46.765832,,,,,,,,,,,,,,
,2022-12-07 20:56:47.753592,0.09999755024909973,0.00036268989788368344,0.09999755024909973,1949.0,0.0,,,,,,,,,
0.0004,2022-12-07 20:57:36.242615,,,,,,,,,,,,,,
,2022-12-07 20:57:37.913738,0.19113163650035858,0.0007088978891260922,0.19113163650035858,1999.0,0.0,,,,,,,,,
0.0004,2022-12-07 21:00:49.334320,,,,,,,,,,,,,,
,2022-12-07 21:00:50.319420,0.2121839076280594,0.002913380041718483,0.2121839076280594,2049.0,0.0,,,,,,,,,
0.0004,2022-12-07 21:01:38.920916,,,,,,,,,,,,,,
,2022-12-07 21:01:39.907255,0.17924284934997559,0.0009284972329623997,0.17924284934997559,2099.0,0.0,,,,,,,,,
0.0004,2022-12-07 21:02:28.424276,,,,,,,,,,,,,,
,2022-12-07 21:02:29.412026,0.07542245835065842,0.0002821223752107471,0.07542245835065842,2149.0,0.0,,,,,,,,,
0.0004,2022-12-07 21:03:17.818131,,,,,,,,,,,,,,
,2022-12-07 21:03:18.802235,0.1912200003862381,0.0011566253378987312,0.1912200003862381,2199.0,0.0,,,,,,,,,
0.0004,2022-12-07 21:04:07.154899,,,,,,,,,,,,,,
,2022-12-07 21:04:08.134605,0.11269260942935944,0.00046076919534243643,0.11269260942935944,2249.0,0.0,,,,,,,,,
0.0004,2022-12-07 21:04:56.516256,,,,,,,,,,,,,,
,2022-12-07 21:04:57.502759,0.18219465017318726,0.0006662936648353934,0.18219465017318726,2299.0,0.0,,,,,,,,,
0.0004,2022-12-07 21:05:45.937192,,,,,,,,,,,,,,
,2022-12-07 21:05:46.924581,0.08812233060598373,0.0003132173151243478,0.08812233060598373,2349.0,0.0,,,,,,,,,
0.0004,2022-12-07 21:06:35.323916,,,,,,,,,,,,,,
,2022-12-07 21:06:36.310737,0.39496681094169617,0.0034687856677919626,0.39496681094169617,2399.0,0.0,,,,,,,,,
0.0004,2022-12-07 21:07:24.790564,,,,,,,,,,,,,,
,2022-12-07 21:07:25.770250,0.11254408955574036,0.00039602559991180897,0.11254408955574036,2449.0,0.0,,,,,,,,,
0.0004,2022-12-07 21:08:14.233818,,,,,,,,,,,,,,
,2022-12-07 21:08:15.907216,0.12335090339183807,0.00041555697680450976,0.12335090339183807,2499.0,0.0,,,,,,,,,
0.0004,2022-12-07 21:11:27.260127,,,,,,,,,,,,,,
,2022-12-07 21:11:28.248045,0.24143043160438538,0.0012985644862055779,0.24143043160438538,2549.0,0.0,,,,,,,,,
0.0004,2022-12-07 21:12:16.653436,,,,,,,,,,,,,,
,2022-12-07 21:12:17.643253,0.12058236449956894,0.0007075403118506074,0.12058236449956894,2599.0,0.0,,,,,,,,,
0.0004,2022-12-07 21:13:06.124510,,,,,,,,,,,,,,
,2022-12-07 21:13:07.112087,0.333182692527771,0.00231098267249763,0.333182692527771,2649.0,0.0,,,,,,,,,
0.0004,2022-12-07 21:13:55.577245,,,,,,,,,,,,,,
,2022-12-07 21:13:56.563428,0.163955420255661,0.0011204478796571493,0.163955420255661,2699.0,0.0,,,,,,,,,
0.0004,2022-12-07 21:14:45.035035,,,,,,,,,,,,,,
,2022-12-07 21:14:46.020901,0.09370914101600647,0.0003257270436733961,0.09370914101600647,2749.0,0.0,,,,,,,,,
0.0004,2022-12-07 21:15:34.438777,,,,,,,,,,,,,,
,2022-12-07 21:15:35.423421,0.10684873908758163,0.0003678151988424361,0.10684873908758163,2799.0,0.0,,,,,,,,,
0.0004,2022-12-07 21:16:23.767988,,,,,,,,,,,,,,
,2022-12-07 21:16:24.749644,0.191149041056633,0.0008788957493379712,0.191149041056633,2849.0,0.0,,,,,,,,,
0.0004,2022-12-07 21:17:13.057154,,,,,,,,,,,,,,
,2022-12-07 21:17:14.051375,0.319195032119751,0.008037883788347244,0.319195032119751,2899.0,0.0,,,,,,,,,
0.0004,2022-12-07 21:18:02.539237,,,,,,,,,,,,,,
,2022-12-07 21:18:03.527436,0.21677885949611664,0.0028161031659692526,0.21677885949611664,2949.0,0.0,,,,,,,,,
0.0004,2022-12-07 21:18:51.887620,,,,,,,,,,,,,,
,2022-12-07 21:18:53.558586,0.11730761080980301,0.0004018852487206459,0.11730761080980301,2999.0,0.0,,,,,,,,,
0.0004,2022-12-07 21:22:04.656367,,,,,,,,,,,,,,
,2022-12-07 21:22:05.638615,0.2601897716522217,0.0013476612512022257,0.2601897716522217,3049.0,0.0,,,,,,,,,
0.0004,2022-12-07 21:22:54.076529,,,,,,,,,,,,,,
,2022-12-07 21:22:55.063608,0.26498645544052124,0.0037567857652902603,0.26498645544052124,3099.0,0.0,,,,,,,,,
0.0004,2022-12-07 21:23:43.458873,,,,,,,,,,,,,,
,2022-12-07 21:23:44.445450,0.11996420472860336,0.00042613805271685123,0.11996420472860336,3149.0,0.0,,,,,,,,,
0.0004,2022-12-07 21:24:32.830580,,,,,,,,,,,,,,
,2022-12-07 21:24:33.818089,0.11634945124387741,0.0003981639165431261,0.11634945124387741,3199.0,0.0,,,,,,,,,
0.0004,2022-12-07 21:25:22.213837,,,,,,,,,,,,,,
,2022-12-07 21:25:23.199118,0.12617634236812592,0.0004905587411485612,0.12617634236812592,3249.0,0.0,,,,,,,,,
0.0004,2022-12-07 21:26:11.591309,,,,,,,,,,,,,,
,2022-12-07 21:26:12.578925,0.25138264894485474,0.0058142957277596,0.25138264894485474,3299.0,0.0,,,,,,,,,
0.0004,2022-12-07 21:27:00.944560,,,,,,,,,,,,,,
,2022-12-07 21:27:01.935173,0.28649139404296875,0.0016503841616213322,0.28649139404296875,3349.0,0.0,,,,,,,,,
0.0004,2022-12-07 21:27:50.324147,,,,,,,,,,,,,,
,2022-12-07 21:27:51.306585,0.2157694697380066,0.001132720848545432,0.2157694697380066,3399.0,0.0,,,,,,,,,
0.0004,2022-12-07 21:28:39.687924,,,,,,,,,,,,,,
,2022-12-07 21:28:40.671006,0.0253918394446373,0.00010789544467115775,0.0253918394446373,3449.0,0.0,,,,,,,,,
0.0004,2022-12-07 21:29:29.016926,,,,,,,,,,,,,,
,2022-12-07 21:29:30.688279,0.22935673594474792,0.0008736798772588372,0.22935673594474792,3499.0,0.0,,,,,,,,,
0.0004,2022-12-07 21:32:41.969228,,,,,,,,,,,,,,
,2022-12-07 21:32:42.960897,0.2807515263557434,0.10820510983467102,0.2807515263557434,3549.0,0.0,,,,,,,,,
0.0004,2022-12-07 21:33:31.365577,,,,,,,,,,,,,,
,2022-12-07 21:33:32.348545,0.22008606791496277,0.00119013711810112,0.22008606791496277,3599.0,0.0,,,,,,,,,
0.0004,2022-12-07 21:34:20.685933,,,,,,,,,,,,,,
,2022-12-07 21:34:21.671191,0.02685905620455742,0.00010727725748438388,0.02685905620455742,3649.0,0.0,,,,,,,,,
0.0004,2022-12-07 21:35:09.955467,,,,,,,,,,,,,,
,2022-12-07 21:35:10.942274,0.2622949481010437,0.0036660023033618927,0.2622949481010437,3699.0,0.0,,,,,,,,,
0.0004,2022-12-07 21:35:59.309256,,,,,,,,,,,,,,
,2022-12-07 21:36:00.298852,0.306854248046875,0.0014133504591882229,0.306854248046875,3749.0,0.0,,,,,,,,,
0.0004,2022-12-07 21:36:48.708439,,,,,,,,,,,,,,
,2022-12-07 21:36:49.695201,0.21651224792003632,0.0009323827689513564,0.21651224792003632,3799.0,0.0,,,,,,,,,
0.0004,2022-12-07 21:37:38.103192,,,,,,,,,,,,,,
,2022-12-07 21:37:39.091205,0.19632193446159363,0.0008974260417744517,0.19632193446159363,3849.0,0.0,,,,,,,,,
0.0004,2022-12-07 21:38:27.521328,,,,,,,,,,,,,,
,2022-12-07 21:38:28.506652,0.19524186849594116,0.0008604095201008022,0.19524186849594116,3899.0,0.0,,,,,,,,,
0.0004,2022-12-07 21:39:16.906726,,,,,,,,,,,,,,
,2022-12-07 21:39:17.894197,0.17867781221866608,0.000624773558229208,0.17867781221866608,3949.0,0.0,,,,,,,,,
0.0004,2022-12-07 21:40:06.169236,,,,,,,,,,,,,,
,2022-12-07 21:40:07.842908,0.08811600506305695,0.000312060525175184,0.08811600506305695,3999.0,0.0,,,,,,,,,
0.0004,2022-12-07 21:43:18.772346,,,,,,,,,,,,,,
,2022-12-07 21:43:19.758642,0.2579062581062317,0.0010444149374961853,0.2579062581062317,4049.0,0.0,,,,,,,,,
0.0004,2022-12-07 21:44:08.192853,,,,,,,,,,,,,,
,2022-12-07 21:44:09.178049,0.18965478241443634,0.0007026567473076284,0.18965478241443634,4099.0,0.0,,,,,,,,,
0.0004,2022-12-07 21:44:57.577779,,,,,,,,,,,,,,
,2022-12-07 21:44:58.565030,0.23833893239498138,0.01271294429898262,0.23833893239498138,4149.0,0.0,,,,,,,,,
0.0004,2022-12-07 21:45:46.950175,,,,,,,,,,,,,,
,2022-12-07 21:45:47.934058,0.07852035015821457,0.00027552066603675485,0.07852035015821457,4199.0,0.0,,,,,,,,,
0.0004,2022-12-07 21:46:36.321015,,,,,,,,,,,,,,
,2022-12-07 21:46:37.311394,0.18358749151229858,0.00088666588999331,0.18358749151229858,4249.0,0.0,,,,,,,,,
0.0004,2022-12-07 21:47:25.683863,,,,,,,,,,,,,,
,2022-12-07 21:47:26.665227,0.08929238468408585,0.0003124059294350445,0.08929238468408585,4299.0,0.0,,,,,,,,,
0.0004,2022-12-07 21:48:15.109744,,,,,,,,,,,,,,
,2022-12-07 21:48:16.097661,0.1237540990114212,0.0005450551398098469,0.1237540990114212,4349.0,0.0,,,,,,,,,
0.0004,2022-12-07 21:49:04.491749,,,,,,,,,,,,,,
,2022-12-07 21:49:05.478737,0.08260444551706314,0.00029235880356281996,0.08260444551706314,4399.0,0.0,,,,,,,,,
0.0004,2022-12-07 21:49:53.888113,,,,,,,,,,,,,,
,2022-12-07 21:49:54.873506,0.2684107720851898,0.0027052732184529305,0.2684107720851898,4449.0,0.0,,,,,,,,,
0.0004,2022-12-07 21:50:43.316168,,,,,,,,,,,,,,
,2022-12-07 21:50:45.000647,0.1012224406003952,0.00037400185829028487,0.1012224406003952,4499.0,0.0,,,,,,,,,
0.0004,2022-12-07 21:53:56.211549,,,,,,,,,,,,,,
,2022-12-07 21:53:57.200680,0.01563812419772148,7.214595098048449e-05,0.01563812419772148,4549.0,0.0,,,,,,,,,
0.0004,2022-12-07 21:54:45.598354,,,,,,,,,,,,,,
,2022-12-07 21:54:46.586461,0.12321095168590546,0.0004196371592115611,0.12321095168590546,4599.0,0.0,,,,,,,,,
0.0004,2022-12-07 21:55:34.983185,,,,,,,,,,,,,,
,2022-12-07 21:55:35.966929,0.235590398311615,0.0021972856484353542,0.235590398311615,4649.0,0.0,,,,,,,,,
0.0004,2022-12-07 21:56:24.395402,,,,,,,,,,,,,,
,2022-12-07 21:56:25.380417,0.10797715932130814,0.0003931856481358409,0.10797715932130814,4699.0,0.0,,,,,,,,,
0.0004,2022-12-07 21:57:13.821092,,,,,,,,,,,,,,
,2022-12-07 21:57:14.811031,0.18791942298412323,0.0007905911188572645,0.18791942298412323,4749.0,0.0,,,,,,,,,
0.0004,2022-12-07 21:58:03.223930,,,,,,,,,,,,,,
,2022-12-07 21:58:04.206593,0.1435815989971161,0.0004772247630171478,0.1435815989971161,4799.0,0.0,,,,,,,,,
0.0004,2022-12-07 21:58:52.636477,,,,,,,,,,,,,,
,2022-12-07 21:58:53.622142,0.2448098063468933,0.0031867462676018476,0.2448098063468933,4849.0,0.0,,,,,,,,,
0.0004,2022-12-07 21:59:42.031794,,,,,,,,,,,,,,
,2022-12-07 21:59:43.019693,0.4688486158847809,0.019573107361793518,0.4688486158847809,4899.0,0.0,,,,,,,,,
0.0004,2022-12-07 22:00:31.432527,,,,,,,,,,,,,,
,2022-12-07 22:00:32.417157,0.20316079258918762,0.0014607375487685204,0.20316079258918762,4949.0,0.0,,,,,,,,,
0.0004,2022-12-07 22:01:20.793482,,,,,,,,,,,,,,
,2022-12-07 22:01:22.473759,0.2082924097776413,0.0009422921575605869,0.2082924097776413,4999.0,0.0,,,,,,,,,
0.0004,2022-12-07 22:04:33.684740,,,,,,,,,,,,,,
,2022-12-07 22:04:34.671883,0.15246790647506714,0.0006175076123327017,0.15246790647506714,5049.0,0.0,,,,,,,,,
0.0004,2022-12-07 22:05:23.049821,,,,,,,,,,,,,,
,2022-12-07 22:05:24.031496,0.1337372362613678,0.000502206792589277,0.1337372362613678,5099.0,0.0,,,,,,,,,
0.0004,2022-12-07 22:06:12.353269,,,,,,,,,,,,,,
,2022-12-07 22:06:13.338129,0.0925089418888092,0.0003402422880753875,0.0925089418888092,5149.0,0.0,,,,,,,,,
0.0004,2022-12-07 22:07:01.631352,,,,,,,,,,,,,,
,2022-12-07 22:07:02.615464,0.24140290915966034,0.0020540980622172356,0.24140290915966034,5199.0,0.0,,,,,,,,,
0.0004,2022-12-07 22:07:50.921033,,,,,,,,,,,,,,
,2022-12-07 22:07:51.904220,0.07947783917188644,0.0003707293071784079,0.07947783917188644,5249.0,0.0,,,,,,,,,
0.0004,2022-12-07 22:08:40.217389,,,,,,,,,,,,,,
,2022-12-07 22:08:41.197281,0.05208931118249893,0.00020068595767952502,0.05208931118249893,5299.0,0.0,,,,,,,,,
0.0004,2022-12-07 22:09:29.543807,,,,,,,,,,,,,,
,2022-12-07 22:09:30.532852,0.12090480327606201,0.0005203456967137754,0.12090480327606201,5349.0,0.0,,,,,,,,,
0.0004,2022-12-07 22:10:18.875727,,,,,,,,,,,,,,
,2022-12-07 22:10:19.855999,0.19735455513000488,0.0035492279566824436,0.19735455513000488,5399.0,0.0,,,,,,,,,
0.0004,2022-12-07 22:11:08.185992,,,,,,,,,,,,,,
,2022-12-07 22:11:09.168202,0.32428085803985596,0.0028636902570724487,0.32428085803985596,5449.0,0.0,,,,,,,,,
,2022-12-07 22:12:43.925006,,,,,0.0,0.1863865703344345,0.0033781384117901325,0.1863865703344345,0.20302729308605194,0.006365232169628143,0.20302729308605194,,,
,2022-12-07 22:12:43.935394,,,,,0.0,,,,,,,0.18194562196731567,0.0032099978998303413,0.18194562196731567
0.0004,2022-12-07 22:13:07.747714,,,,,,,,,,,,,,
,2022-12-07 22:13:10.119045,0.31525036692619324,0.0016061477363109589,0.31525036692619324,5499.0,1.0,,,,,,,,,
0.0004,2022-12-07 22:16:21.168989,,,,,,,,,,,,,,
,2022-12-07 22:16:22.159573,0.14787371456623077,0.0006116804433986545,0.14787371456623077,5549.0,1.0,,,,,,,,,
0.0004,2022-12-07 22:17:10.594968,,,,,,,,,,,,,,
,2022-12-07 22:17:11.584338,0.153609037399292,0.0005149580538272858,0.153609037399292,5599.0,1.0,,,,,,,,,
0.0004,2022-12-07 22:18:00.020510,,,,,,,,,,,,,,
,2022-12-07 22:18:01.010951,0.312945157289505,0.0014689024537801743,0.312945157289505,5649.0,1.0,,,,,,,,,
0.0004,2022-12-07 22:18:49.408596,,,,,,,,,,,,,,
,2022-12-07 22:18:50.397845,0.21073377132415771,0.0007183562265709043,0.21073377132415771,5699.0,1.0,,,,,,,,,
0.0004,2022-12-07 22:19:38.850921,,,,,,,,,,,,,,
,2022-12-07 22:19:39.837089,0.2098585069179535,0.0007345093763433397,0.2098585069179535,5749.0,1.0,,,,,,,,,
0.0004,2022-12-07 22:20:28.287791,,,,,,,,,,,,,,
,2022-12-07 22:20:29.273238,0.14997552335262299,0.0008584253373555839,0.14997552335262299,5799.0,1.0,,,,,,,,,
0.0004,2022-12-07 22:21:17.683344,,,,,,,,,,,,,,
,2022-12-07 22:21:18.668688,0.09720560163259506,0.00046412102528847754,0.09720560163259506,5849.0,1.0,,,,,,,,,
0.0004,2022-12-07 22:22:07.084902,,,,,,,,,,,,,,
,2022-12-07 22:22:08.071585,0.2830924689769745,0.0034720455296337605,0.2830924689769745,5899.0,1.0,,,,,,,,,
0.0004,2022-12-07 22:22:56.462338,,,,,,,,,,,,,,
,2022-12-07 22:22:57.449231,0.1387496292591095,0.0006253021419979632,0.1387496292591095,5949.0,1.0,,,,,,,,,
0.0004,2022-12-07 22:23:45.870670,,,,,,,,,,,,,,
,2022-12-07 22:23:47.539537,0.20414486527442932,0.0023956112563610077,0.20414486527442932,5999.0,1.0,,,,,,,,,
0.0004,2022-12-07 22:26:58.722950,,,,,,,,,,,,,,
,2022-12-07 22:26:59.711358,0.233246311545372,0.0011240639723837376,0.233246311545372,6049.0,1.0,,,,,,,,,
0.0004,2022-12-07 22:27:48.109736,,,,,,,,,,,,,,
,2022-12-07 22:27:49.098485,0.15384319424629211,0.0006224992102943361,0.15384319424629211,6099.0,1.0,,,,,,,,,
0.0004,2022-12-07 22:28:37.518749,,,,,,,,,,,,,,
,2022-12-07 22:28:38.502040,0.2769662141799927,0.0016471948474645615,0.2769662141799927,6149.0,1.0,,,,,,,,,
0.0004,2022-12-07 22:29:26.931194,,,,,,,,,,,,,,
,2022-12-07 22:29:27.919271,0.19116689264774323,0.0023432872258126736,0.19116689264774323,6199.0,1.0,,,,,,,,,
0.0004,2022-12-07 22:30:16.355329,,,,,,,,,,,,,,
,2022-12-07 22:30:17.336842,0.0910826027393341,0.00031279929680749774,0.0910826027393341,6249.0,1.0,,,,,,,,,
0.0004,2022-12-07 22:31:05.750199,,,,,,,,,,,,,,
,2022-12-07 22:31:06.734759,0.14220352470874786,0.0008492701454088092,0.14220352470874786,6299.0,1.0,,,,,,,,,
0.0004,2022-12-07 22:31:55.183734,,,,,,,,,,,,,,
,2022-12-07 22:31:56.169927,0.1569730043411255,0.0005957833491265774,0.1569730043411255,6349.0,1.0,,,,,,,,,
0.0004,2022-12-07 22:32:44.611490,,,,,,,,,,,,,,
,2022-12-07 22:32:45.596355,0.2539987862110138,0.0037908826489001513,0.2539987862110138,6399.0,1.0,,,,,,,,,
0.0004,2022-12-07 22:33:34.009710,,,,,,,,,,,,,,
,2022-12-07 22:33:34.999431,0.16178777813911438,0.0009218300692737103,0.16178777813911438,6449.0,1.0,,,,,,,,,
0.0004,2022-12-07 22:34:23.440729,,,,,,,,,,,,,,
,2022-12-07 22:34:25.123829,0.04955754801630974,0.00018492681556381285,0.04955754801630974,6499.0,1.0,,,,,,,,,
0.0004,2022-12-07 22:37:36.242459,,,,,,,,,,,,,,
,2022-12-07 22:37:37.227559,0.28063100576400757,0.0016377783613279462,0.28063100576400757,6549.0,1.0,,,,,,,,,
0.0004,2022-12-07 22:38:25.600711,,,,,,,,,,,,,,
,2022-12-07 22:38:26.584576,0.0589614063501358,0.00021292790188454092,0.0589614063501358,6599.0,1.0,,,,,,,,,
0.0004,2022-12-07 22:39:14.945949,,,,,,,,,,,,,,
,2022-12-07 22:39:15.932581,0.1724560260772705,0.0007527346024289727,0.1724560260772705,6649.0,1.0,,,,,,,,,
0.0004,2022-12-07 22:40:04.375734,,,,,,,,,,,,,,
,2022-12-07 22:40:05.360273,0.2950912117958069,0.0017722961492836475,0.2950912117958069,6699.0,1.0,,,,,,,,,
0.0004,2022-12-07 22:40:53.690810,,,,,,,,,,,,,,
,2022-12-07 22:40:54.675223,0.18457145988941193,0.002326696179807186,0.18457145988941193,6749.0,1.0,,,,,,,,,
0.0004,2022-12-07 22:41:43.004698,,,,,,,,,,,,,,
,2022-12-07 22:41:43.983804,0.04997291415929794,0.0001809088425943628,0.04997291415929794,6799.0,1.0,,,,,,,,,
0.0004,2022-12-07 22:42:32.332163,,,,,,,,,,,,,,
,2022-12-07 22:42:33.314786,0.055581893771886826,0.00020935956854373217,0.055581893771886826,6849.0,1.0,,,,,,,,,
0.0004,2022-12-07 22:43:21.649621,,,,,,,,,,,,,,
,2022-12-07 22:43:22.629395,0.2334459125995636,0.0010780423181131482,0.2334459125995636,6899.0,1.0,,,,,,,,,
0.0004,2022-12-07 22:44:10.970868,,,,,,,,,,,,,,
,2022-12-07 22:44:11.955457,0.2781490683555603,0.02901300974190235,0.2781490683555603,6949.0,1.0,,,,,,,,,
0.0004,2022-12-07 22:45:00.295988,,,,,,,,,,,,,,
,2022-12-07 22:45:01.973363,0.15385738015174866,0.0006083791959099472,0.15385738015174866,6999.0,1.0,,,,,,,,,
0.0004,2022-12-07 22:48:13.070413,,,,,,,,,,,,,,
,2022-12-07 22:48:14.056917,0.10707753151655197,0.00048050496843643486,0.10707753151655197,7049.0,1.0,,,,,,,,,
0.0004,2022-12-07 22:49:02.452943,,,,,,,,,,,,,,
,2022-12-07 22:49:03.433845,0.19872060418128967,0.0011763180373236537,0.19872060418128967,7099.0,1.0,,,,,,,,,
0.0004,2022-12-07 22:49:51.787341,,,,,,,,,,,,,,
,2022-12-07 22:49:52.768895,0.3300931751728058,0.0018357988446950912,0.3300931751728058,7149.0,1.0,,,,,,,,,
0.0004,2022-12-07 22:50:41.137430,,,,,,,,,,,,,,
,2022-12-07 22:50:42.122361,0.10992090404033661,0.0004375601711217314,0.10992090404033661,7199.0,1.0,,,,,,,,,
0.0004,2022-12-07 22:51:30.534065,,,,,,,,,,,,,,
,2022-12-07 22:51:31.521076,0.267524778842926,0.013140363618731499,0.267524778842926,7249.0,1.0,,,,,,,,,
0.0004,2022-12-07 22:52:19.920170,,,,,,,,,,,,,,
,2022-12-07 22:52:20.903877,0.12364856898784637,0.00041817297460511327,0.12364856898784637,7299.0,1.0,,,,,,,,,
0.0004,2022-12-07 22:53:09.322747,,,,,,,,,,,,,,
,2022-12-07 22:53:10.309814,0.18339039385318756,0.0017236286075785756,0.18339039385318756,7349.0,1.0,,,,,,,,,
0.0004,2022-12-07 22:53:58.732664,,,,,,,,,,,,,,
,2022-12-07 22:53:59.717063,0.17986294627189636,0.0014457943616434932,0.17986294627189636,7399.0,1.0,,,,,,,,,
0.0004,2022-12-07 22:54:48.183150,,,,,,,,,,,,,,
,2022-12-07 22:54:49.169923,0.10346952080726624,0.0004159533418715,0.10346952080726624,7449.0,1.0,,,,,,,,,
0.0004,2022-12-07 22:55:37.557150,,,,,,,,,,,,,,
,2022-12-07 22:55:39.234666,0.13318465650081635,0.0005368225974962115,0.13318465650081635,7499.0,1.0,,,,,,,,,
0.0004,2022-12-07 22:58:50.410755,,,,,,,,,,,,,,
,2022-12-07 22:58:51.398305,0.27657145261764526,0.002249842043966055,0.27657145261764526,7549.0,1.0,,,,,,,,,
0.0004,2022-12-07 22:59:39.774080,,,,,,,,,,,,,,
,2022-12-07 22:59:40.758291,0.29217568039894104,0.0013918065233156085,0.29217568039894104,7599.0,1.0,,,,,,,,,
0.0004,2022-12-07 23:00:29.125762,,,,,,,,,,,,,,
,2022-12-07 23:00:30.108872,0.1350533366203308,0.0007266124011948705,0.1350533366203308,7649.0,1.0,,,,,,,,,
0.0004,2022-12-07 23:01:18.468909,,,,,,,,,,,,,,
,2022-12-07 23:01:19.449442,0.08875378966331482,0.0003071682876907289,0.08875378966331482,7699.0,1.0,,,,,,,,,
0.0004,2022-12-07 23:02:07.809801,,,,,,,,,,,,,,
,2022-12-07 23:02:08.791087,0.4380832612514496,0.0026050074957311153,0.4380832612514496,7749.0,1.0,,,,,,,,,
0.0004,2022-12-07 23:02:57.100914,,,,,,,,,,,,,,
,2022-12-07 23:02:58.086486,0.12541808187961578,0.0004890440031886101,0.12541808187961578,7799.0,1.0,,,,,,,,,
0.0004,2022-12-07 23:03:46.427519,,,,,,,,,,,,,,
,2022-12-07 23:03:47.411501,0.24245765805244446,0.002138545736670494,0.24245765805244446,7849.0,1.0,,,,,,,,,
0.0004,2022-12-07 23:04:35.753250,,,,,,,,,,,,,,
,2022-12-07 23:04:36.738668,0.34419524669647217,0.06007077172398567,0.34419524669647217,7899.0,1.0,,,,,,,,,
0.0004,2022-12-07 23:05:25.100524,,,,,,,,,,,,,,
,2022-12-07 23:05:26.084613,0.13249094784259796,0.0004593964549712837,0.13249094784259796,7949.0,1.0,,,,,,,,,
0.0004,2022-12-07 23:06:14.429247,,,,,,,,,,,,,,
,2022-12-07 23:06:16.133040,0.01614554412662983,7.44631324778311e-05,0.01614554412662983,7999.0,1.0,,,,,,,,,
0.0004,2022-12-07 23:09:27.272111,,,,,,,,,,,,,,
,2022-12-07 23:09:28.264011,0.09922603517770767,0.00035498145734891295,0.09922603517770767,8049.0,1.0,,,,,,,,,
0.0004,2022-12-07 23:10:16.732985,,,,,,,,,,,,,,
,2022-12-07 23:10:17.718886,0.4120430648326874,0.0032636020332574844,0.4120430648326874,8099.0,1.0,,,,,,,,,
0.0004,2022-12-07 23:11:06.134455,,,,,,,,,,,,,,
,2022-12-07 23:11:07.115336,0.26714393496513367,0.0015675530303269625,0.26714393496513367,8149.0,1.0,,,,,,,,,
0.0004,2022-12-07 23:11:55.484142,,,,,,,,,,,,,,
,2022-12-07 23:11:56.462886,0.18945275247097015,0.0008546808967366815,0.18945275247097015,8199.0,1.0,,,,,,,,,
0.0004,2022-12-07 23:12:44.846620,,,,,,,,,,,,,,
,2022-12-07 23:12:45.829500,0.02892986685037613,0.00011660443851724267,0.02892986685037613,8249.0,1.0,,,,,,,,,
0.0004,2022-12-07 23:13:34.171675,,,,,,,,,,,,,,
,2022-12-07 23:13:35.156660,0.1520388424396515,0.0005467523005791008,0.1520388424396515,8299.0,1.0,,,,,,,,,
0.0004,2022-12-07 23:14:23.495378,,,,,,,,,,,,,,
,2022-12-07 23:14:24.477527,0.15663032233715057,0.0005261501646600664,0.15663032233715057,8349.0,1.0,,,,,,,,,
0.0004,2022-12-07 23:15:12.782647,,,,,,,,,,,,,,
,2022-12-07 23:15:13.766063,0.01700620725750923,7.973317406140268e-05,0.01700620725750923,8399.0,1.0,,,,,,,,,
0.0004,2022-12-07 23:16:02.111582,,,,,,,,,,,,,,
,2022-12-07 23:16:03.097447,0.1486985832452774,0.000939729914534837,0.1486985832452774,8449.0,1.0,,,,,,,,,
0.0004,2022-12-07 23:16:51.405183,,,,,,,,,,,,,,
,2022-12-07 23:16:53.078733,0.2721889913082123,0.0014953964855521917,0.2721889913082123,8499.0,1.0,,,,,,,,,
0.0004,2022-12-07 23:20:04.136150,,,,,,,,,,,,,,
,2022-12-07 23:20:05.120056,0.05092822387814522,0.00018593290587887168,0.05092822387814522,8549.0,1.0,,,,,,,,,
0.0004,2022-12-07 23:20:53.536842,,,,,,,,,,,,,,
,2022-12-07 23:20:54.521450,0.3625582754611969,0.003472057869657874,0.3625582754611969,8599.0,1.0,,,,,,,,,
0.0004,2022-12-07 23:21:42.925035,,,,,,,,,,,,,,
,2022-12-07 23:21:43.913595,0.0886542871594429,0.00030437399982474744,0.0886542871594429,8649.0,1.0,,,,,,,,,
0.0004,2022-12-07 23:22:32.308279,,,,,,,,,,,,,,
,2022-12-07 23:22:33.291556,0.33596372604370117,0.0028509614057838917,0.33596372604370117,8699.0,1.0,,,,,,,,,
0.0004,2022-12-07 23:23:21.688342,,,,,,,,,,,,,,
,2022-12-07 23:23:22.677383,0.11373753845691681,0.00039317156188189983,0.11373753845691681,8749.0,1.0,,,,,,,,,
0.0004,2022-12-07 23:24:11.041939,,,,,,,,,,,,,,
,2022-12-07 23:24:12.028520,0.18466953933238983,0.0006562519702129066,0.18466953933238983,8799.0,1.0,,,,,,,,,
0.0004,2022-12-07 23:25:00.381777,,,,,,,,,,,,,,
,2022-12-07 23:25:01.369231,0.23415619134902954,0.0016484596999362111,0.23415619134902954,8849.0,1.0,,,,,,,,,
0.0004,2022-12-07 23:25:49.753259,,,,,,,,,,,,,,
,2022-12-07 23:25:50.736055,0.18917778134346008,0.0012689779978245497,0.18917778134346008,8899.0,1.0,,,,,,,,,
0.0004,2022-12-07 23:26:39.118186,,,,,,,,,,,,,,
,2022-12-07 23:26:40.104616,0.21559485793113708,0.0010128261055797338,0.21559485793113708,8949.0,1.0,,,,,,,,,
0.0004,2022-12-07 23:27:28.464698,,,,,,,,,,,,,,
,2022-12-07 23:27:30.134245,0.13870270550251007,0.0006755792419426143,0.13870270550251007,8999.0,1.0,,,,,,,,,
0.0004,2022-12-07 23:30:41.186439,,,,,,,,,,,,,,
,2022-12-07 23:30:42.173379,0.12337449938058853,0.0004197736270725727,0.12337449938058853,9049.0,1.0,,,,,,,,,
0.0004,2022-12-07 23:31:30.502680,,,,,,,,,,,,,,
,2022-12-07 23:31:31.489057,0.3703346848487854,0.01165413111448288,0.3703346848487854,9099.0,1.0,,,,,,,,,
0.0004,2022-12-07 23:32:19.832481,,,,,,,,,,,,,,
,2022-12-07 23:32:20.810533,0.17422662675380707,0.0005947338067926466,0.17422662675380707,9149.0,1.0,,,,,,,,,
0.0004,2022-12-07 23:33:09.115611,,,,,,,,,,,,,,
,2022-12-07 23:33:10.096748,0.06425852328538895,0.000231767407967709,0.06425852328538895,9199.0,1.0,,,,,,,,,
0.0004,2022-12-07 23:33:58.484343,,,,,,,,,,,,,,
,2022-12-07 23:33:59.463222,0.22544294595718384,0.0021913384553045034,0.22544294595718384,9249.0,1.0,,,,,,,,,
0.0004,2022-12-07 23:34:47.824836,,,,,,,,,,,,,,
,2022-12-07 23:34:48.808447,0.08142536133527756,0.0002877370861824602,0.08142536133527756,9299.0,1.0,,,,,,,,,
0.0004,2022-12-07 23:35:37.128890,,,,,,,,,,,,,,
,2022-12-07 23:35:38.107989,0.09691620618104935,0.00038712110836058855,0.09691620618104935,9349.0,1.0,,,,,,,,,
0.0004,2022-12-07 23:36:26.430712,,,,,,,,,,,,,,
,2022-12-07 23:36:27.414337,0.23358918726444244,0.005146715324372053,0.23358918726444244,9399.0,1.0,,,,,,,,,
0.0004,2022-12-07 23:37:15.767015,,,,,,,,,,,,,,
,2022-12-07 23:37:16.757496,0.12267549335956573,0.0004118011856917292,0.12267549335956573,9449.0,1.0,,,,,,,,,
0.0004,2022-12-07 23:38:05.076703,,,,,,,,,,,,,,
,2022-12-07 23:38:06.743141,0.18247652053833008,0.0007571373716928065,0.18247652053833008,9499.0,1.0,,,,,,,,,
0.0004,2022-12-07 23:41:17.787626,,,,,,,,,,,,,,
,2022-12-07 23:41:18.776661,0.1464112550020218,0.0010772919049486518,0.1464112550020218,9549.0,1.0,,,,,,,,,
0.0004,2022-12-07 23:42:07.144632,,,,,,,,,,,,,,
,2022-12-07 23:42:08.125602,0.21322031319141388,0.002114466857165098,0.21322031319141388,9599.0,1.0,,,,,,,,,
0.0004,2022-12-07 23:42:56.405024,,,,,,,,,,,,,,
,2022-12-07 23:42:57.389827,0.03854694962501526,0.00015136129513848573,0.03854694962501526,9649.0,1.0,,,,,,,,,
0.0004,2022-12-07 23:43:45.791027,,,,,,,,,,,,,,
,2022-12-07 23:43:46.774507,0.24557293951511383,0.0012342422269284725,0.24557293951511383,9699.0,1.0,,,,,,,,,
0.0004,2022-12-07 23:44:35.202192,,,,,,,,,,,,,,
,2022-12-07 23:44:36.190288,0.10183044523000717,0.00034945120569318533,0.10183044523000717,9749.0,1.0,,,,,,,,,
0.0004,2022-12-07 23:45:24.551841,,,,,,,,,,,,,,
,2022-12-07 23:45:25.539393,0.2847638428211212,0.0015456799883395433,0.2847638428211212,9799.0,1.0,,,,,,,,,
0.0004,2022-12-07 23:46:13.852880,,,,,,,,,,,,,,
,2022-12-07 23:46:14.835468,0.3766036629676819,0.0056064859963953495,0.3766036629676819,9849.0,1.0,,,,,,,,,
0.0004,2022-12-07 23:47:03.181511,,,,,,,,,,,,,,
,2022-12-07 23:47:04.168658,0.1185542494058609,0.0004304712638258934,0.1185542494058609,9899.0,1.0,,,,,,,,,
0.0004,2022-12-07 23:47:52.491935,,,,,,,,,,,,,,
,2022-12-07 23:47:53.473988,0.20064042508602142,0.0016251294873654842,0.20064042508602142,9949.0,1.0,,,,,,,,,
0.0004,2022-12-07 23:48:41.842183,,,,,,,,,,,,,,
,2022-12-07 23:48:43.511541,0.31266969442367554,0.002127904212102294,0.31266969442367554,9999.0,1.0,,,,,,,,,
,2022-12-07 23:48:43.526561,,,,,1.0,,,,,,,0.18354669213294983,0.0031531129498034716,0.18354669213294983
